drug,TARGET,PATHWAY
AZD-4547,"FGFR, FGFR1, FGFR2, FGFR3",ANGIOGENESIS
Bosutinib,"ABL1, SRC",ANGIOGENESIS
EMD-121974,,ANGIOGENESIS
KX2-391,SRC,ANGIOGENESIS
OT-674,,ANGIOGENESIS
CGX-571,,ANTI-INFECTION
Ciprofloxacin,,ANTI-INFECTION
Gramicidin,ANTIBIOTIC,ANTI-INFECTION
Itraconazole,ANTIFUNGAL,ANTI-INFECTION
Tazobactam,ANTIBIOTIC,ANTI-INFECTION
Tyrothricin,ANTIBIOTIC,ANTI-INFECTION
ABT-199,BCL2,APOPTOSIS PATHWAY
ABT-263,"BCL2, BCL2L1, BCLXL, BCLW",APOPTOSIS PATHWAY
ABT-737 ,"BCL2, BCL2L2, BCL2L1",APOPTOSIS PATHWAY
AEG-40730 ,"CIAP1, CIAP2,  XIAP",APOPTOSIS PATHWAY
AT-101; BL-193,BCL2,APOPTOSIS PATHWAY
AT-406,IAP,APOPTOSIS PATHWAY
BAM7,BCL2,APOPTOSIS PATHWAY
EB-1627,"NFKB, IKK",APOPTOSIS PATHWAY
GDC-0152,IAP,APOPTOSIS PATHWAY
GX15-070,BCL2 ,APOPTOSIS PATHWAY
LCL-161,"IAP, SMAC",APOPTOSIS PATHWAY
Lenalidomide,"TNFA, VEGF, BFGF",APOPTOSIS PATHWAY
RG-7112,"MDM2, P53",APOPTOSIS PATHWAY
SR-13654,"SRC, BIRC5",APOPTOSIS PATHWAY
TL-32711,IAP,APOPTOSIS PATHWAY
YM-155,BIRC5,APOPTOSIS PATHWAY
 AS-703569 ,"AURKA, AURKB, AURKC",AURORA KINASE
ABT-348,"VEGFR, PDGFR, AURKA, AURKB, AURKC",AURORA KINASE
AMG-900,"AURKA, AURKB, AURKC",AURORA KINASE
analog of S-49076,"MET, AXL, FGFR, AURKB",AURORA KINASE
AZD-1152,AURKB,AURORA KINASE
CYC-116,"AURKA, AURKB, AURKC, VEGFR",AURORA KINASE
ENMD-2076,"AURKA, AURKB, VEGFR, FLT3, SRC, FGFR1",AURORA KINASE
ENMD-2076 Precursor,"AURKA, AURKB, VEGFR, FLT3, SRC, FGFR1",AURORA KINASE
KW-2449,"FLT3, AURKA, BCR-ABL, FGFR1",AURORA KINASE
MK-5108,AURKA,AURORA KINASE
MLN-8237 ,"AURKA, AURKB",AURORA KINASE
SCH-1473759,"AURKA, AURKB",AURORA KINASE
SL-0101,"RSK, AURKB, PIM3",AURORA KINASE
SNS-314,"AURKA, AURKB, AURKC",AURORA KINASE
TAK-901,"AURKA, AURKB, AURKC",AURORA KINASE
 BMS-387032,"CDK, CDK16, CDK17, CDK7, CDK9, CDKL5, CDK2",CELL CYCLE
AEB-071,PKC,CELL CYCLE
ARRY-520 (isomer A),KSP,CELL CYCLE
AT-7519,"CDK, CDK9",CELL CYCLE
AZD-7762 ,"CHK1, CHK2",CELL CYCLE
BI-6727,PLK1,CELL CYCLE
BML-277,CHK2,CELL CYCLE
Bosutinib isomer,,CELL CYCLE
CX-4945,"CK2, CK2A2, PKC",CELL CYCLE
CYC-202,CDK,CELL CYCLE
Flavopiridol,CDK,CELL CYCLE
GSK-461364,PLK1,CELL CYCLE
isomer of LOR-253,INDUCTION OF KLF4,CELL CYCLE
LY-2603618,CHK,CELL CYCLE
LY-2606368,"CHK1, CHK2, RSK",CELL CYCLE
LY-2835219,CDK,CELL CYCLE
MI-219,HDM2,CELL CYCLE
MK-1775 ,WEE1,CELL CYCLE
MK-7965,"CDK, CSK9, CDK5, CDK1, CDK2",CELL CYCLE
MLN-0905,PLK,CELL CYCLE
MLN-4924,NAE1,CELL CYCLE
NU-6027,CDK,CELL CYCLE
Palbociclib,"CDK4, CDK6, CDK",CELL CYCLE
PF-477736,"CHK1, VEGFR, FMS, YES",CELL CYCLE
R-547,CDK,CELL CYCLE
SCH-900776 ,CHK1,CELL CYCLE
TAK Plk inhibitor,PLK1,CELL CYCLE
TAK-960,PLK1,CELL CYCLE
Thioguanine,NUCLEOSIDE METABOLISM,CELL CYCLE
Vertex ATR inhibitor Cpd 45,ATR,CELL CYCLE
(+)-JQ1,"BET, BRD2, BRD3, BRD4, BRD6",CHROMATIN
BI-2536,"PLK1, PLK2, PLK3, BET",CHROMATIN
Decitabine,"DNMT, NUCLEOSIDE METABOLISM",CHROMATIN
GSK-1210151A,"BRD2, BRD3, BRD4, BET",CHROMATIN
Plicamycin,ANTIBIOTIC,CHROMATIN
Pralatrexate,"BAZ2A, BAZ2B, RTC1, DHFR",CHROMATIN
Triethylenemelamine,DNA ALKYLATOR,CHROMATIN
4SC-202 ,HDAC,CHROMATIN HISTONE
ACY-1215,HDAC,CHROMATIN HISTONE
Belinostat,"HDAC8, HDAC2, HDAC1, HDAC3, HDAC6",CHROMATIN HISTONE
Depsipeptide,"HDAC1, HDAC2, HDAC3, HDAC8",CHROMATIN HISTONE
JNJ-26481585,HDAC,CHROMATIN HISTONE
MG-0103,HDAC,CHROMATIN HISTONE
MS-275,"HDAC, HDAC8, HDAC2, HDAC1, HDAC3, HDAC6",CHROMATIN HISTONE
Panobinostat,"HDAC, HDAC8, HDAC2, HDAC1, HDAC3, HDAC6",CHROMATIN HISTONE
PCI-24781,HDAC,CHROMATIN HISTONE
SB-939,HDAC,CHROMATIN HISTONE
ST-3595,HDAC,CHROMATIN HISTONE
UNC-0638,"EHMT2, EHMT1, HMTASE, G9A, GLP",CHROMATIN HISTONE
Vorinostat,"HDAC, HDAC8, HDAC2, HDAC1, HDAC3, HDAC6",CHROMATIN HISTONE
ARQ-621,KIF11,CYTOSKELETAL SIGNALING
BAL-101553,TUBULIN,CYTOSKELETAL SIGNALING
BAL-27862,TUBULIN,CYTOSKELETAL SIGNALING
Cabazitaxel,TUBULIN,CYTOSKELETAL SIGNALING
CUDC-907,"HDAC, PI3K",CYTOSKELETAL SIGNALING
CYT-997,TUBULIN,CYTOSKELETAL SIGNALING
Docetaxel,TUBULIN,CYTOSKELETAL SIGNALING
EP-90745,TUBULIN,CYTOSKELETAL SIGNALING
Ixabepilone,"TUBULIN, UBB",CYTOSKELETAL SIGNALING
Paclitaxel,TUBULIN,CYTOSKELETAL SIGNALING
PF-04929113,HSP90,CYTOSKELETAL SIGNALING
PF-562271,FAK,CYTOSKELETAL SIGNALING
Vinblastine,TUBULIN,CYTOSKELETAL SIGNALING
Vincristine,TUBULIN,CYTOSKELETAL SIGNALING
Vinorelbine,TUBULIN,CYTOSKELETAL SIGNALING
Altretamine,DNA ALKYLATOR,DNA ALKYLATOR
AMD-473,DNA ALKYLATOR,DNA ALKYLATOR
Bendamustine,DNA ALKYLATOR,DNA ALKYLATOR
Busulfan,DNA ALKYLATOR,DNA ALKYLATOR
Carboplatin,DNA ALKYLATOR,DNA ALKYLATOR
Carmustine,DNA ALKYLATOR,DNA ALKYLATOR
Cyclophosphamide,DNA ALKYLATOR,DNA ALKYLATOR
E-7850,DNA ALKYLATOR,DNA ALKYLATOR
Ifosfamide,DNA ALKYLATOR,DNA ALKYLATOR
Lomustine,DNA ALKYLATOR,DNA ALKYLATOR
Melphalan,DNA ALKYLATOR,DNA ALKYLATOR
Mitomycin C,DNA ALKYLATOR,DNA ALKYLATOR
Oxaliplatin,DNA ALKYLATOR,DNA ALKYLATOR
Pipobroman,DNA ALKYLATOR,DNA ALKYLATOR
Streptozocin,DNA ALKYLATOR,DNA ALKYLATOR
Temozolomide,DNA ALKYLATOR,DNA ALKYLATOR
Thiotepa,DNA ALKYLATOR,DNA ALKYLATOR
Uracil mustard,DNA ALKYLATOR,DNA ALKYLATOR
AG-2037,"ANTIFOLATE, GARFT",DNA DAMAGE
Bleomycin,ANTIBIOTIC,DNA DAMAGE
Dacarbazine,DNA ALKYLATOR,DNA DAMAGE
Estramustine,TUBULIN,DNA DAMAGE
LY-317615,PKC,DNA DAMAGE
Nitrogen mustard,DNA ALKYLATOR,DNA DAMAGE
O6-BG,O6-ALKYLGUANINE DNA ALKYLTRANSFERASE,DNA DAMAGE
Pelitrexol isomer A,"ANTIFOLATE, GARFT",DNA DAMAGE
Pelitrexol isomer B,"ANTIFOLATE, GARFT",DNA DAMAGE
Procarbazine,DNA ALKYLATOR,DNA DAMAGE
AVN-944,IMPDH,DNA REPLICATION
Cisplatin,DNA ALKYLATOR,DNA REPLICATION
EMD-534085,KIF11,DNA REPLICATION
Gemcitabine,"RRM1, TYMS, CMPK1, NUCLEOSIDE METABOLISM",DNA REPLICATION
HPI-1,HEDGEHOG,DNA REPLICATION
Hydroxyurea,RNR,DNA REPLICATION
Methotrexate,"DHFR, ANTIFOLATE",DNA REPLICATION
SB-743921,KIF11,DNA REPLICATION
3-AP,RNR,DNA/RNA SYNTHESIS
Azacitidine,"NUCLEOSIDE METABOLISM, DNMT",DNA/RNA SYNTHESIS
Chlorambucil,DNA ALKYLATOR,DNA/RNA SYNTHESIS
Clofarabine,NUCLEOSIDE METABOLISM,DNA/RNA SYNTHESIS
Cytarabine,NUCLEOSIDE METABOLISM,DNA/RNA SYNTHESIS
Floxuridine,NUCLEOSIDE METABOLISM,DNA/RNA SYNTHESIS
Fludarabine,NUCLEOSIDE METABOLISM,DNA/RNA SYNTHESIS
Fluorouracil,NUCLEOSIDE METABOLISM,DNA/RNA SYNTHESIS
Mercaptopurine,NUCLEOSIDE METABOLISM,DNA/RNA SYNTHESIS
YK-4-279,"RHA, ERG, ETV1",DNA/RNA SYNTHESIS
ZD-1694,"ANTIFOLATE, TYMS",DNA/RNA SYNTHESIS
AEE-788 ,"EGFR, FLT, VEGFR, HER2",EGFR INHIBITOR
Afatinib,"EGFR, HER2, HER4",EGFR INHIBITOR
Ariad Alk_EGFR inhibitor related to AP-26113,"ALK, EGFR",EGFR INHIBITOR
ARRY-380,HER2,EGFR INHIBITOR
AZD-8931,EGFR,EGFR INHIBITOR
Erlotinib,"EGFR, HER2",EGFR INHIBITOR
Gefitinib,EGFR,EGFR INHIBITOR
Lapatinib,"EGFR, HER2",EGFR INHIBITOR
PF-0528767,EGFR,EGFR INHIBITOR
PF-299804,EGFR,EGFR INHIBITOR
R-788,EGFR,EGFR INHIBITOR
Vandetanib,"VEGFR, EGFR, RET, KDR ",EGFR INHIBITOR
Varlitinib,EGFR,EGFR INHIBITOR
WZ-4002,EGFR,EGFR INHIBITOR
Anastrozole,CYP19A1,ENDOCRINOLOGY AND HORMONES
ARN-509,AR,ENDOCRINOLOGY AND HORMONES
AZD-3514,AR,ENDOCRINOLOGY AND HORMONES
Celecoxib,"COX1, COX2, CDH11",ENDOCRINOLOGY AND HORMONES
Diclofenac,COX2,ENDOCRINOLOGY AND HORMONES
Enzalutamide,AR,ENDOCRINOLOGY AND HORMONES
Exemestane,ER,ENDOCRINOLOGY AND HORMONES
Fenoprofen,COX2,ENDOCRINOLOGY AND HORMONES
Fulvestrant,ER,ENDOCRINOLOGY AND HORMONES
Letrozole,ER,ENDOCRINOLOGY AND HORMONES
Meclofenamate,COX,ENDOCRINOLOGY AND HORMONES
Megestrol acetate,PROGESTIN,ENDOCRINOLOGY AND HORMONES
Mitotane,"ER, AR, PROGESTIN",ENDOCRINOLOGY AND HORMONES
Raloxifene,"ER, PROGESTIN",ENDOCRINOLOGY AND HORMONES
Tamoxifen,"ER, ESR2,  ESR1, IGF1",ENDOCRINOLOGY AND HORMONES
17-AAG,"HSP90, HSP90AA1",HSP INHIBITOR
17-DMAG,HSP90,HSP INHIBITOR
2-Fluoroadenosine,HSF1,HSP INHIBITOR
AT-13387 ,"HSP90, HSP90AA1",HSP INHIBITOR
AUY-922,HSP90,HSP INHIBITOR
By-Product of CUDC-305,HSP90,HSP INHIBITOR
CNF-2024,HSP90,HSP INHIBITOR
CUDC-305,HSP90,HSP INHIBITOR
MPC-3100,HSP90,HSP INHIBITOR
PF-4942847,HSP90,HSP INHIBITOR
STA-9090,HSP90,HSP INHIBITOR
XL-888,HSP90,HSP INHIBITOR
1-Methyl-[D]-tryptophan,IDO,IMMUNE SYSTEM
BLZ-945,CSF1R,IMMUNE SYSTEM
CK-0238273,INHIBITOR OF IL2,IMMUNE SYSTEM
Flurbiprofen,COX2,IMMUNE SYSTEM
Idelalisib,PI3K,IMMUNE SYSTEM
Imiquimod,"TLR7, TLR",IMMUNE SYSTEM
Plerixafor,"CXCR4, SDF1A",IMMUNE SYSTEM
Ranitidine,H2HR,IMMUNE SYSTEM
SCV-07,TLR,IMMUNE SYSTEM
Tacrolimus,"CAN, FKBP, IL2, NOS1",IMMUNE SYSTEM
Terfenadine,"7-TM RECEPTORS, H1HR",IMMUNE SYSTEM
AT-9283,"JAK2, AURKB",JAK/STAT SIGNALING
AZD-1480,"JAK1, JAK2, AURKA",JAK/STAT SIGNALING
BP-1-102,STAT3,JAK/STAT SIGNALING
CEP-701,"FLT3, JAK2, NTRK1, RET",JAK/STAT SIGNALING
CYT-387,"JAK1, JAK2",JAK/STAT SIGNALING
LY-2784544,JAK2,JAK/STAT SIGNALING
ONX-0803,"JAK2, FLT3, IRAK1, CSF1R",JAK/STAT SIGNALING
oxazole STAT3 inhibitor,STAT3,JAK/STAT SIGNALING
SAR-302503,JAK2,JAK/STAT SIGNALING
SB-1317,"FLT3, JAK2, CDK",JAK/STAT SIGNALING
SB-1578,JAK2,JAK/STAT SIGNALING
SGI-1776,PIM,JAK/STAT SIGNALING
WP-1034,JAK2,JAK/STAT SIGNALING
XL-019,JAK2,JAK/STAT SIGNALING
 Dabrafenib,BRAF,MAPK SIGNALING
10058-F4,"CMYC, CDK",MAPK SIGNALING
10074-G5,CMYC,MAPK SIGNALING
ARQ-680,BRAF,MAPK SIGNALING
GW-5074,"RAF1, CRAF",MAPK SIGNALING
LY-2228820,P38MAPK,MAPK SIGNALING
MLN-2480,"ARAF, BRAF, CRAF",MAPK SIGNALING
PLX-4720,"BRAF, CRAF",MAPK SIGNALING
RAF-265,"BRAF, KDR, CRAF, VEGFR",MAPK SIGNALING
SB-203580,P38MAPK ,MAPK SIGNALING
SB-239063,P38MAPK,MAPK SIGNALING
SB-590885,BRAF,MAPK SIGNALING
SC-1,"ERK1, RASGAP",MAPK SIGNALING
Sorafenib,"VEGFR, PDGFR, BRAF",MAPK SIGNALING
SP-600125,JNK,MAPK SIGNALING
Targegen B-Raf_PDGFR inhibitor Cpd 6,"BRAF, PDGFR",MAPK SIGNALING
TLK-199,JNK,MAPK SIGNALING
Trametinib,MEK,MAPK SIGNALING
Vemurafenib,BRAF,MAPK SIGNALING
YC-1,"ERK2, SMN1, HIF1A",MAPK SIGNALING
ZM-336372,CRAF,MAPK SIGNALING
ARRY-162,MEK,MEK INHIBITOR
AS-703026,MEK,MEK INHIBITOR
AZD-6244,"ERK1, MEK",MEK INHIBITOR
AZD-8330,MEK,MEK INHIBITOR
BAY-86-9766,MEK,MEK INHIBITOR
PD-0325901,MEK,MEK INHIBITOR
PD-184352,MEK,MEK INHIBITOR
PD-98059,MEK,MEK INHIBITOR
RG-7167,"ERK, MEK",MEK INHIBITOR
RO-5126766,"BRAF, CRAF, MEK",MEK INHIBITOR
TAK-733,MEK,MEK INHIBITOR
XL-518 (isomer 1),MEK,MEK INHIBITOR
XL-518 (isomer 2),MEK,MEK INHIBITOR
AMG-208,MET,MET INHIBITOR
AMG-458,MET,MET INHIBITOR
ARQ-197,MET,MET INHIBITOR
BMS-777607,"MET, AXL",MET INHIBITOR
Crizotinib,"ALK, MET",MET INHIBITOR
EMD-1204831,MET,MET INHIBITOR
EMD-1214063,MET,MET INHIBITOR
JNJ-38877605,MET,MET INHIBITOR
MK-2461,"MET, FGFR, PDGFR",MET INHIBITOR
MK-8033 ,MET,MET INHIBITOR
PF-04217903,MET,MET INHIBITOR
PHA-665752,MET,MET INHIBITOR
SAR-125844,MET,MET INHIBITOR
SGX-523,MET,MET INHIBITOR
XL-541,"MET, VEGFR, AXL, RET",MET INHIBITOR
XL-880,"MET, VEGFR",MET INHIBITOR
3-Bromopyruvic acid,HK2,METABOLISM
Abiraterone,CYP17A1,METABOLISM
Acrichine,PLA2,METABOLISM
AFP-464,"HIF1A, AHR",METABOLISM
Allopurinol,XO,METABOLISM
Amifostine,SUPEROXIDE RADICALS,METABOLISM
Aminoflavone,AHR,METABOLISM
AP0-866,NAMPT,METABOLISM
Arabinoside,NUCLEOSIDE METABOLISM,METABOLISM
BIA,FAAH,METABOLISM
Bortezamide,PROTEASOME,METABOLISM
C-75,FAS,METABOLISM
Capecitabine,5-FU,METABOLISM
Carfilzomib,PROTEASOME,METABOLISM
Cladribine,NRDA,METABOLISM
CP-91149,HLGP,METABOLISM
CPI-613,PDH,METABOLISM
CS-7017,PPAR,METABOLISM
CT-32228,LPAAT-B,METABOLISM
Dexrazoxone,SUPEROXIDE RADICALS,METABOLISM
Finasteride,DHT,METABOLISM
Fluphenazine,"D2R, D1AR",METABOLISM
Fluvastatin,HMGCR,METABOLISM
IDH-C35,IDH1,METABOLISM
JZL-184,MGLL,METABOLISM
JZL-195,"MGLL, FAAH",METABOLISM
KHK Indazole,KHK,METABOLISM
LDHA Cmp 33,LDHA,METABOLISM
Nitisinone,"HPD, CYP2C9",METABOLISM
ONX-0912  ,PROTEASOME,METABOLISM
ONX-0914,PROTEASOME,METABOLISM
Oxonic Acid,UOX,METABOLISM
Pemetrexed,"ANTIFOLATE, TYMS",METABOLISM
Pentostatin,ADA,METABOLISM
PKM2 Activator 9,PMK2,METABOLISM
Pyrvinium pamoate,ANTHELMINTIC,METABOLISM
R-115777,FTI,METABOLISM
Sildenafil,"PDE, PDE5A",METABOLISM
Simvastatin,HMGCR,METABOLISM
Simvastin,HMGCR,METABOLISM
TAK-700,CYP17A1,METABOLISM
Teriflunomide,"DHODH, QUINONE",METABOLISM
Zolendronic acid,BONE RESORPTION,METABOLISM
Anafranil,5-HT RECEPTOR,NEURONAL SIGNALING
BMS-599626,HER2,NEURONAL SIGNALING
Chlorpromazine,D2R,NEURONAL SIGNALING
Dactinomycin,"HTT, HIF1A, RORC",NEURONAL SIGNALING
LNS-5662,PGP,NEURONAL SIGNALING
Mefloquine,"HBA1, ADORA2A",NEURONAL SIGNALING
Metoprolol,"ADRB1, ADRB2",NEURONAL SIGNALING
ONX-0801,"AFR, TYMS",NEURONAL SIGNALING
Paroxetine,5-HT,NEURONAL SIGNALING
Peptide [CRGDKGPDC - cys & cys bridge,"INTEGRIN, NEUROPHILIN1",NEURONAL SIGNALING
Pimozide,"D2R, D3R",NEURONAL SIGNALING
Pipamperone,AR,ENDOCRINOLOGY AND HORMONES
BMS-299897,GAMMA SECRETASE,NOTCH PATHWAY
BMS-708163,GAMMA-SECRETASE,NOTCH PATHWAY
LY-450139,"GAMMA-SECRETASE, PSEN1, PSENEN, NCSTN",NOTCH PATHWAY
MK-0752,GAMMA SECRETASE,NOTCH PATHWAY
PF-03084014 diastereomer 1,GAMMA-SECRETASE,NOTCH PATHWAY
PF-03084014 diastereomer 2,GAMMA-SECRETASE,NOTCH PATHWAY
RG-4733,"GAMMA-SECRETASE, PSEN1, PSENEN",NOTCH PATHWAY
 1st Precursur Intermediate to TDP 665759,P53,OTHER
 ZIP-301,,OTHER
2nd Precursur Intermediate to TDP 665759,P53,OTHER
Agios Cmp 301,,OTHER
Aminolevulinic acid,ALAD,OTHER
ARRY-520 (isomer B),KSP,CHROMATIN
Arsenic Trioxide,"NFKB, JUN, CCND1, MAPK3, MAPK1, AKT1",OTHER
Asorbic Acid,,OTHER
CB-64D,,OTHER
CO-101,,OTHER
Cpd-401,,OTHER
enantiomer of PF-4176340,,OTHER
FAU,,OTHER
Hydrastinine HCl,,OTHER
Methoxsalen,,OTHER
MK-0822,BONE RESORPTION,OTHER
MP-0922,,OTHER
Omacetaxine mepasuccinate,RPL3,OTHER
PCI-0120,"RADIOSENSITIZING, CHEMOSENSITIZING",OTHER
peptide R18 (14-3-3 antagonist),,OTHER
PF-4176340,,OTHER
Thalidomide,,OTHER
Tretinoin,"RARA, RXR",OTHER
Warfarin,VKORC1,OTHER
ABT-888,PARP,PARP INHIBITOR
AZD-2461,PARP,PARP INHIBITOR
BMN-673,PARP,PARP INHIBITOR
BMN-673 (inactive enantiomer),PARP,PARP INHIBITOR
BMN-673 (racemate),PARP,PARP INHIBITOR
BSI-201,PARP,PARP INHIBITOR
CEP-9722,PARP,PARP INHIBITOR
MK-4827,PARP,PARP INHIBITOR
Olaparib,PARP,PARP INHIBITOR
PF-01367338,PARP,PARP INHIBITOR
AT-13148,AKT,PI3K/AKT/MTOR
AZD-2014,"MTOR, FRAP",PI3K/AKT/MTOR
AZD-2858,GSK3,PI3K/AKT/MTOR
AZD-5363,AKT,PI3K/AKT/MTOR
AZD-8055,"MTOR, MTORC1, MTORC2",PI3K/AKT/MTOR
BAY-80-6946 ,PI3K,PI3K/AKT/MTOR
BEZ-235,"MTOR, PI3K, PIK3CA, PIK3CB, PIK3CD, PIK3CG",PI3K/AKT/MTOR
BGT-226,"MTOR, PI3K",PI3K/AKT/MTOR
BKM-120,PI3K,PI3K/AKT/MTOR
BX-912,PDK1,PI3K/AKT/MTOR
BYL-719,"PI3K, PI3KCA",PI3K/AKT/MTOR
CCT-128930,AKT,PI3K/AKT/MTOR
CH-5132799 ,"PI3K, MTOR",PI3K/AKT/MTOR
Everolimus ,MTOR,PI3K/AKT/MTOR
GDC-0068,AKT,PI3K/AKT/MTOR
GDC-0941,"PI3K, PIK3CA, PIK3CB, PIK3CG, PIK3CD",PI3K/AKT/MTOR
GDC-0980,"PI3K, MTOR",PI3K/AKT/MTOR
GSK-2126458,"PI3K, MTOR",PI3K/AKT/MTOR
GSK-2334470,PDK1,PI3K/AKT/MTOR
GSK-2636771,"PI3K, PI3KCB",PI3K/AKT/MTOR
GSK-690693 ,AKT,PI3K/AKT/MTOR
H-89,"PKA, S6 KINASE",PI3K/AKT/MTOR
INK-1197,PI3K,PI3K/AKT/MTOR
INK-128,MTOR,PI3K/AKT/MTOR
KD-032,"MTOR, RAS",PI3K/AKT/MTOR
KRX-0401,AKT,PI3K/AKT/MTOR
LY-2090314,GSK-3,PI3K/AKT/MTOR
LY-294002,PI3K,PI3K/AKT/MTOR
MK-2206,AKT,PI3K/AKT/MTOR
MK-8669 ,MTOR,PI3K/AKT/MTOR
ON-01910Na,PI3K,PI3K/AKT/MTOR
OSI-027,MTOR,PI3K/AKT/MTOR
OSU-03012 ,PDK1,PI3K/AKT/MTOR
OSU-03013,AKT,PI3K/AKT/MTOR
PF-04691502,"PI3K, MTOR, AKT",PI3K/AKT/MTOR
PF-05212384,MTOR,PI3K/AKT/MTOR
PI-103,"MTOR, PI3K, PIK3CA, PIK3CB, PIK3CD, PIK3CG, PI3K, DNAPK",PI3K/AKT/MTOR
PP-242,MTOR,PI3K/AKT/MTOR
PX-866,PI3K,PI3K/AKT/MTOR
Rapamycin,"MTOR, FRAP",PI3K/AKT/MTOR
RG-7603,MTOR,PI3K/AKT/MTOR
VE-821,"ATR, ATM",PI3K/AKT/MTOR
Wortmannin,"PI3K, ATM,ATR, DNAPK",PI3K/AKT/MTOR
XL-147,PI3K,PI3K/AKT/MTOR
XL-765,PI3K,PI3K/AKT/MTOR
ZSTK-474,"PI3K, PIK3CB, PIK3CD, PIK3CG",PI3K/AKT/MTOR
CEP-18770,PSMB5,PROTEASES
JNJ-27291199,MDM2,PROTEASES
MLN-2238,"PROTEASOME, PSMB5",PROTEASES
MLN-9708,PROTEASOME,PROTEASES
 Pazopanib,"VEGFR, PDGFR, FLT1, KDR, KIT, FLT3",PROTEIN TYROSINE KINASE
AB-1010,KIT,PROTEIN TYROSINE KINASE
ABT-869,"RTK, PDGFR, FLT1, KDR, VEGFR, FLT3",PROTEIN TYROSINE KINASE
AC-220,"FLT3, FLT, KIT, PDGFR, RET, CSF1R",PROTEIN TYROSINE KINASE
ADW-742,IGF1R,PROTEIN TYROSINE KINASE
AEW-541,IGF1R,PROTEIN TYROSINE KINASE
AM-2282,,PROTEIN TYROSINE KINASE
AMG-706,"C-KIT, VEGF, PDGFR",PROTEIN TYROSINE KINASE
ASP-3026,ALK,PROTEIN TYROSINE KINASE
ASP-4130,"VEGFR, FLT1, KDR, C-KIT, PDGFR, FLT3",PROTEIN TYROSINE KINASE
ASP-7487,IGF1R,PROTEIN TYROSINE KINASE
Astex FGF inhibitor,FGFR,PROTEIN TYROSINE KINASE
Axitinib,"VEGFR, C-KIT, PDGFR",PROTEIN TYROSINE KINASE
AZD-0530,"SRC, ABL1, BCR-ABL",PROTEIN TYROSINE KINASE
AZD-2171,"FLT4, FLT1, KDR, VEGFR, FLT",PROTEIN TYROSINE KINASE
BAY 61-3606,SYK,PROTEIN TYROSINE KINASE
BGJ-398,"FGFR, VEGFR",PROTEIN TYROSINE KINASE
BIBF-1120,"FGFR, PDGFR, FLT1, KDR, VEGFR, FLT3",PROTEIN TYROSINE KINASE
BIM-46187 ,GNAQ,PROTEIN TYROSINE KINASE
BMS-536924,"IGF1R, INSULIN RECEPTOR, INSR",PROTEIN TYROSINE KINASE
BMS-582664 ,"VEGFR, FGFR",PROTEIN TYROSINE KINASE
BMS-690514,EGFR,PROTEIN TYROSINE KINASE
BMS-754807,"IGF1R, INSULIN RECEPTOR",PROTEIN TYROSINE KINASE
BMS-911543,JAK2,PROTEIN TYROSINE KINASE
BPR1J-097,"FLT3, HEMATOPOIESIS ",PROTEIN TYROSINE KINASE
Cabozantinib,"KDR, MET, RET, VEGFR, FLT, TIE2, C-KIT, FLT1, FLT3, FLT4, AXL",PROTEIN TYROSINE KINASE
Cephalon Early Alk Inhibitor,ALK,PROTEIN TYROSINE KINASE
CGP-79787D,VEGFR,PROTEIN TYROSINE KINASE
CH-5424802,"ALK, GAK, LTK",PROTEIN TYROSINE KINASE
CH-5428402 HCl,ALK,PROTEIN TYROSINE KINASE
CHIR-258,"C-KIT, FGFR, FLT, VEGFR, PDGFR",PROTEIN TYROSINE KINASE
CP-868596,PDGFR,PROTEIN TYROSINE KINASE
Dasatinib,"SRC, EPHA2, LCK, YES1, BCR-ABL, C-KIT, PDGFR, KIT",PROTEIN TYROSINE KINASE
Des-fluoro-TAK-960,PLK1,PROTEIN TYROSINE KINASE
GSK-1838705A,"ALK, INSULIN RECEPTOR, IGF1R",PROTEIN TYROSINE KINASE
GSK-1904529A,IGF1R,PROTEIN TYROSINE KINASE
Ibrutinib,BTK,PROTEIN TYROSINE KINASE
IDH-C227,"IDH1, R132H",PROTEIN TYROSINE KINASE
Imatinib,"BCR-ABL, BCR, KIT, ABL, ABL1",PROTEIN TYROSINE KINASE
isomer of bafetinib,BCR,PROTEIN TYROSINE KINASE
ITRI-260,"FLT3, C-KIT",PROTEIN TYROSINE KINASE
JI-101,"PDGFR, VEGFR, EPHA2",PROTEIN TYROSINE KINASE
JNJ-28312141,CSF1,PROTEIN TYROSINE KINASE
Lenvatinib,"VEGFR, FLT1, KDR, KIT, PDGFR, FLT3",PROTEIN TYROSINE KINASE
LY-2109761,"TGF-B, SMAD",PROTEIN TYROSINE KINASE
LY-2157299,TGF-B,PROTEIN TYROSINE KINASE
LY-2801653,AXL,PROTEIN TYROSINE KINASE
LY-2874455,FGFR,PROTEIN TYROSINE KINASE
MLN-518,FLT3,PROTEIN TYROSINE KINASE
MP-470,"C-KIT, FLT3, MET, PDGFR, FLT, RET",PROTEIN TYROSINE KINASE
Nilotinib,"BCR-ABL, BCR, KIT, ABL, ABL1",PROTEIN TYROSINE KINASE
OSI-930 ,"KIT, VEGFR, PDGFR, C-KIT, C-FMS, KDR",PROTEIN TYROSINE KINASE
PD-173074,"FGFR, VEGFR",PROTEIN TYROSINE KINASE
Ponatinib,"FGFR, ABL, BCR-ABL, VEGFR, PDGFR, FLT, FLT3",PROTEIN TYROSINE KINASE
R-1530,VEGFR,PROTEIN TYROSINE KINASE
R-406,"SYK, FLT",PROTEIN TYROSINE KINASE
R-428,AXL,PROTEIN TYROSINE KINASE
Regorafenib,"RET, C-KIT, RAF, VEGFR, BRAF, KDR, KIT",PROTEIN TYROSINE KINASE
Ruxolitinib,JANUS,PROTEIN TYROSINE KINASE
SB-431542 ,"TGF-B, ALK5",PROTEIN TYROSINE KINASE
SU-6668,PDGFR,PROTEIN TYROSINE KINASE
Sunitinib,"PDGFR, KIT, KDR, FLT3",PROTEIN TYROSINE KINASE
TAE-684,ALK,PROTEIN TYROSINE KINASE
TAK-960 analog,PLK1,PROTEIN TYROSINE KINASE
VX-322,RTK,PROTEIN TYROSINE KINASE
Y-27632,"ROCK1, ROCK2",PROTEIN TYROSINE KINASE
YN-968D1,#NAME?,PROTEIN TYROSINE KINASE
7-Ethyl-10-hydroxycamptothecin,TOPO1,TOPOISOMERASE INHIBITION
Daunorubicin,TOPO2,TOPOISOMERASE INHIBITION
Doxorubicin,TOPO2,TOPOISOMERASE INHIBITION
Etoposide,TOPO2,TOPOISOMERASE INHIBITION
GENZ-644282,"TOPO1, TOPO2",TOPOISOMERASE INHIBITION
Irinotecan,"TOPO1, TOPO2",TOPOISOMERASE INHIBITION
Mitoxantrone,"TOPO1, TOPO2",TOPOISOMERASE INHIBITION
MLN-576,"TOPO1, TOPO2",TOPOISOMERASE INHIBITION
SNS-595; SPC-595,"TOPO1, TOPO2",TOPOISOMERASE INHIBITION
Teniposide,TOPO2,TOPOISOMERASE INHIBITION
Topotecan,TOPO1,TOPOISOMERASE INHIBITION
Valrubicin,TOPO2,TOPOISOMERASE INHIBITION
XK-469,TOPO2,TOPOISOMERASE INHIBITION
XR-5000,"TOPO1, TOPO2",TOPOISOMERASE INHIBITION
XR-5944,"TOPO1, TOPO2",TOPOISOMERASE INHIBITION
Digoxin,SODIUM CHANNEL,TRANSMEMBRANE TRANSPORTERS
Gabapentin,VOLTAGE GATED CALCIUM CHANNELS,TRANSMEMBRANE TRANSPORTERS
Ivacaftor,CFTR,TRANSMEMBRANE TRANSPORTERS
Ivermectin,GLUCL,TRANSMEMBRANE TRANSPORTERS
KPT-185,"CRM1, XPO1",TRANSMEMBRANE TRANSPORTERS
KPT-251,"CRM1, XPO1",TRANSMEMBRANE TRANSPORTERS
Lithium Carbonate,ION TRANSPORT,TRANSMEMBRANE TRANSPORTERS
Riluzole,TTX SENSITIVE NA CHANNELS,TRANSMEMBRANE TRANSPORTERS
ICG-001,"WNT, BETA-CATENIN",WNT/HEDGEHOG
IPI-926,SMO,WNT/HEDGEHOG
IWR-1,"WNT, BETA-CATENIN",WNT/HEDGEHOG
LDE-225,SMO,WNT/HEDGEHOG
"LDE-225, diphosphonate salt",SMO,WNT/HEDGEHOG
LEQ-506,SMO,WNT/HEDGEHOG
LY-2940680,"SMO, HEDGEHOG",WNT/HEDGEHOG
PNU-74654,"WNT, BETA-CATENIN",WNT/HEDGEHOG
SEN-450,GLI,WNT/HEDGEHOG
TAK-441,SMO,WNT/HEDGEHOG
Vismodegib,HEDGEHOG,WNT/HEDGEHOG
VS-507,WNT,WNT/HEDGEHOG
XAV-939 ,"WNT, BETA-CATENIN",WNT/HEDGEHOG